county_code_x,district_code_x,district_name,county_name_x,enrolled_seniors_x,tested_seniors_x,num_over_benchmark_sat,pct_over_benchmark_sat,county_code_y,district_code_y,county_name_y,enrolled_seniors_y,tested_seniors_y,num_over_benchmark_act,pct_over_benchmark_act,rank,score,expenditures_per_pupil,income
1,161176,fremont unified,Alameda,2537,845,678,80.24,1,161176,Alameda,2537,511,473,92.56,789,64.22,11018,127374
1,161275,piedmont city unified,Alameda,231,78,61,78.21,1,161275,Alameda,231,116,110,94.83,909,225.57,16668,210889
1,161291,san leandro unified,Alameda,754,193,77,39.9,1,161291,Alameda,754,78,44,56.41,104,6.49,12258,71020
10,1062166,fresno unified,Fresno,4593,1048,323,30.82,10,1062166,Fresno,4593,574,202,35.19,587,41.41,13567,39488
10,1075127,mendota unified,Fresno,234,69,9,13.04,10,1075127,Fresno,234,82,7,8.54,808,72.56,11212,30085
13,1363107,calipatria unified,Imperial,91,27,5,18.52,13,1363107,Imperial,91,19,9,47.37,712,52.6,13804,30350
15,1563859,wasco union high,Kern,453,184,40,21.74,15,1563859,Kern,453,71,24,33.8,732,55.3,12037,37844
19,1964774,lynwood unified,Los Angeles,1072,285,53,18.6,19,1964774,Los Angeles,1072,160,28,17.5,531,36.42,12352,49461
19,1965128,whittier union high,Los Angeles,3048,1227,521,42.46,19,1965128,Los Angeles,3048,390,167,42.82,119,7.59,14025,71534
19,1973452,rowland unified,Los Angeles,1186,386,174,45.08,19,1973452,Los Angeles,1186,119,58,48.74,112,7.06,12009,71944
21,2165482,tamalpais union high,Marin,1233,435,361,82.99,21,2165482,Marin,1233,412,374,90.78,874,124.93,18416,130775
36,3675077,apple valley unified,San Bernardino,1086,316,118,37.34,36,3675077,San Bernardino,1086,82,42,51.22,751,57.87,8812,53184
37,3768031,coronado unified,San Diego,294,152,113,74.34,37,3768031,San Diego,294,128,100,78.13,592,41.63,12891,101520
37,3768130,grossmont union high,San Diego,5541,1514,886,58.52,37,3768130,San Diego,5541,940,566,60.21,303,20.37,10759,69219
39,3975499,tracy joint unified,San Joaquin,1515,483,247,51.14,39,3975499,San Joaquin,1515,160,84,52.5,7,0.29,10666,84256
43,4373387,milpitas unified,Santa Clara,829,335,249,74.33,43,4373387,Santa Clara,829,72,64,88.89,778,62.14,11069,125644
44,4469823,santa cruz city high,Santa Cruz,862,287,183,63.76,44,4469823,Santa Cruz,862,177,112,63.28,724,54.39,260,101094
1,161200,livermore valley joint unified,Alameda,1128,315,231,73.33,1,161200,Alameda,1128,249,201,80.72,747,57.64,11323,121121
13,1363149,holtville unified,Imperial,151,52,18,34.62,13,1363149,Imperial,151,29,9,31.03,447,30.26,13379,48333
19,1964683,las virgenes unified,Los Angeles,986,337,248,73.59,19,1964683,Los Angeles,986,322,269,83.54,794,65.92,11125,128000
19,1964964,san marino unified,Los Angeles,275,120,110,91.67,19,1964964,Los Angeles,275,95,86,90.53,870,123.41,13803,154224
19,1973445,hacienda la puente unified,Los Angeles,1459,1110,323,29.1,19,1973445,Los Angeles,1459,113,64,56.64,63,3.58,12585,76371
23,2365615,ukiah unified,Mendocino,525,91,57,62.64,23,2365615,Mendocino,525,23,16,69.57,561,38.94,11665,51334
24,2475366,delhi unified,Merced,167,82,14,17.07,24,2475366,Merced,167,68,15,22.06,330,21.81,13235,55045
27,2766092,monterey peninsula unified,Monterey,854,536,181,33.77,27,2766092,Monterey,854,90,50,55.56,164,10.54,12052,69263
33,3375192,temecula valley unified,Riverside,2453,1014,573,56.51,33,3375192,Riverside,2453,629,416,66.14,144,9.42,9650,96079
33,3375200,murrieta valley unified,Riverside,2168,834,438,52.52,33,3375200,Riverside,2168,459,288,62.75,149,9.85,10906,89705
34,3467314,elk grove unified,Sacramento,5228,1884,1051,55.79,34,3467314,Sacramento,5228,919,570,62.02,75,4.53,11515,76348
37,3773551,carlsbad unified,San Diego,913,341,259,75.95,37,3773551,San Diego,913,258,203,78.68,289,19.25,10420,98904
47,4770516,yreka union high,Siskiyou,150,41,22,53.66,47,4770516,Siskiyou,150,38,20,52.63,385,26.1,14574,44910
51,5171399,live oak unified,Sutter,143,36,11,30.56,51,5171399,Sutter,143,33,12,36.36,436,29.19,11921,56835
57,5772694,washington unified,Yolo,563,182,66,36.26,10,1076778,Fresno,339,121,10,8.26,291,19.31,11767,64611
57,5772694,washington unified,Yolo,563,182,66,36.26,10,1076778,Fresno,339,121,10,8.26,721,53.74,12257,37778
57,5772694,washington unified,Yolo,563,182,66,36.26,57,5772694,Yolo,563,54,23,42.59,291,19.31,11767,64611
57,5772694,washington unified,Yolo,563,182,66,36.26,57,5772694,Yolo,563,54,23,42.59,721,53.74,12257,37778
10,1076778,washington unified,Fresno,339,82,8,9.76,10,1076778,Fresno,339,121,10,8.26,291,19.31,11767,64611
10,1076778,washington unified,Fresno,339,82,8,9.76,10,1076778,Fresno,339,121,10,8.26,721,53.74,12257,37778
10,1076778,washington unified,Fresno,339,82,8,9.76,57,5772694,Yolo,563,54,23,42.59,291,19.31,11767,64611
10,1076778,washington unified,Fresno,339,82,8,9.76,57,5772694,Yolo,563,54,23,42.59,721,53.74,12257,37778
1,161119,alameda unified,Alameda,919,373,222,59.52,1,161119,Alameda,919,155,134,86.45,268,17.93,10387,98150
10,1075234,golden plains unified,Fresno,125,27,0,0.0,10,1075234,Fresno,125,19,0,0.0,441,29.96,15323,38211
12,1262687,northern humboldt union high,Humboldt,424,100,66,66.0,12,1262687,Humboldt,424,49,43,87.76,546,37.78,12968,45226
15,1563677,mojave unified,Kern,143,31,10,32.26,15,1563677,Kern,143,31,3,9.68,665,47.91,12300,41652
19,1964790,monrovia unified,Los Angeles,473,185,79,42.7,19,1964790,Los Angeles,473,53,16,30.19,96,5.96,13173,74922
19,1964808,montebello unified,Los Angeles,2333,658,211,32.07,19,1964808,Los Angeles,2333,276,75,27.17,462,31.54,12986,49521
19,1964907,pomona unified,Los Angeles,1897,651,165,25.35,19,1964907,Los Angeles,1897,266,82,30.83,29,1.55,14936,60261
27,2765987,carmel unified,Monterey,215,59,46,77.97,27,2765987,Monterey,215,121,93,76.86,846,102.91,22712,92437
27,2766159,salinas union high,Monterey,2683,725,241,33.24,27,2766159,Monterey,2683,516,168,32.56,264,17.7,12363,62576
30,3073643,tustin unified,Orange,1992,761,475,62.42,30,3073643,Orange,1992,544,403,74.08,82,4.77,10848,86439
31,3175085,rocklin unified,Placer,1171,417,316,75.78,31,3175085,Placer,1171,311,248,79.74,120,7.59,8990,98304
33,3366977,alvord unified,Riverside,1517,357,129,36.13,33,3366977,Riverside,1517,141,44,31.21,152,9.91,12822,65619
33,3367124,moreno valley unified,Riverside,2481,1992,320,16.06,33,3367124,Riverside,2481,227,73,32.16,230,15.54,12732,62131
34,3467330,folsom-cordova unified,Sacramento,1617,460,333,72.39,34,3467330,Sacramento,1617,259,219,84.56,90,5.56,11232,84957
36,3667777,morongo unified,San Bernardino,565,102,47,46.08,36,3667777,San Bernardino,565,16,13,81.25,713,52.71,11870,40559
39,3968593,manteca unified,San Joaquin,1925,529,194,36.67,39,3968593,San Joaquin,1925,124,73,58.87,213,14.23,11523,69479
40,4068759,lucia mar unified,San Luis Obispo,865,202,120,59.41,40,4068759,San Luis Obispo,865,194,120,61.86,77,4.62,11385,76977
41,4169070,south san francisco unified,San Mateo,682,236,151,63.98,41,4169070,San Mateo,682,41,31,75.61,458,31.24,12036,98757
45,4569856,anderson union high,Shasta,444,76,30,39.47,45,4569856,Shasta,444,29,21,72.41,451,30.91,12933,50250
48,4870573,vacaville unified,Solano,975,351,188,53.56,48,4870573,Solano,975,97,62,63.92,133,8.78,10517,78668
49,4970904,roseland,Sonoma,147,49,16,32.65,49,4970904,Sonoma,147,89,20,22.47,88,5.12,16669,55744
49,4975358,windsor unified,Sonoma,466,140,75,53.57,49,4975358,Sonoma,466,116,70,60.34,345,23.08,11332,96757
50,5075564,oakdale joint unified,Stanislaus,437,92,60,65.22,50,5075564,Stanislaus,437,38,26,68.42,375,25.43,11048,64123
50,5075739,turlock unified,Stanislaus,1240,393,178,45.29,50,5075739,Stanislaus,1240,105,68,64.76,564,39.24,11075,54264
1,161150,castro valley unified,Alameda,737,311,234,75.24,1,161150,Alameda,737,106,82,77.36,574,40.4,10854,111481
7,761804,san ramon valley unified,Contra Costa,2652,933,785,84.14,7,761804,Contra Costa,2652,1077,969,89.97,854,108.73,10908,159284
10,1062414,sanger unified,Fresno,850,335,116,34.63,10,1062414,Fresno,850,62,27,43.55,263,17.57,11545,67014
19,1964303,bellflower unified,Los Angeles,953,263,130,49.43,19,1964303,Los Angeles,953,31,23,74.19,308,20.79,12198,61277
19,1965094,west covina unified,Los Angeles,1194,356,171,48.03,19,1965094,Los Angeles,1194,42,29,69.05,23,1.33,10578,83581
27,2773825,north monterey county unified,Monterey,369,111,30,27.03,27,2773825,Monterey,369,42,10,23.81,13,0.55,12794,72355
30,3066621,orange unified,Orange,2261,1870,670,35.83,30,3066621,Orange,2261,255,196,76.86,274,18.41,11434,92925
30,3073924,los alamitos unified,Orange,759,319,227,71.16,30,3073924,Orange,759,262,214,81.68,54,2.78,11235,82981
33,3367082,hemet unified,Riverside,1858,1195,272,22.76,33,3367082,Riverside,1858,142,62,43.66,153,9.95,16755,44680
36,3667611,barstow unified,San Bernardino,394,44,19,43.18,36,3667611,San Bernardino,394,26,8,30.77,715,53.0,11482,42412
36,3673957,snowline joint unified,San Bernardino,560,138,65,47.1,36,3673957,San Bernardino,560,57,34,59.65,440,29.73,11433,59053
38,3868478,san francisco unified,San Francisco,4399,2256,1248,55.32,38,3868478,San Francisco,4399,1077,565,52.46,703,51.59,13640,104552
43,4369583,morgan hill unified,Santa Clara,636,259,172,66.41,43,4369583,Santa Clara,636,115,89,77.39,653,46.89,9890,121178
54,5476794,woodlake unified,Tulare,168,22,6,27.27,54,5476794,Tulare,168,30,8,26.67,515,35.88,13407,44232
56,5673874,oak park unified,Ventura,438,168,146,86.9,56,5673874,Ventura,438,157,147,93.63,756,58.4,9951,128954
7,761630,acalanes union high,Contra Costa,1408,473,393,83.09,7,761630,Contra Costa,1408,539,487,90.35,825,81.7,14295,122258
7,761788,pittsburg unified,Contra Costa,840,279,89,31.9,7,761788,Contra Costa,840,155,45,29.03,206,13.67,12617,64057
10,1073999,kerman unified,Fresno,416,102,37,36.27,10,1073999,Fresno,416,38,18,47.37,701,51.52,11086,45559
14,1476687,bishop unified,Inyo,158,53,27,50.94,14,1476687,Inyo,158,27,19,70.37,489,33.8,11574,55437
19,1964329,bonita unified,Los Angeles,865,316,168,53.16,19,1964329,Los Angeles,865,157,97,61.78,5,0.27,10602,84202
19,1964527,el rancho unified,Los Angeles,731,267,85,31.84,19,1964527,Los Angeles,731,218,62,28.44,240,15.93,11914,66210
19,1964865,palos verdes peninsula unified,Los Angeles,1118,440,365,82.95,19,1964865,Los Angeles,1118,426,376,88.26,838,95.62,11907,144749
24,2465755,los banos unified,Merced,815,215,63,29.3,24,2465755,Merced,815,58,25,43.1,562,39.09,11536,51919
27,2775473,gonzales unified,Monterey,191,54,8,14.81,27,2775473,Monterey,191,63,11,17.46,250,16.59,13360,58056
31,3166951,western placer unified,Placer,745,142,72,50.7,31,3166951,Placer,745,65,41,63.08,98,6.1,10671,79732
33,3367090,jurupa unified,Riverside,1486,383,127,33.16,33,3367090,Riverside,1486,210,56,26.67,166,10.69,12538,66579
33,3367207,perris union high,Riverside,2224,696,203,29.17,33,3367207,Riverside,2224,383,109,28.46,516,35.91,12656,48200
37,3768049,dehesa elementary,San Diego,469,26,10,38.46,37,3768049,San Diego,469,18,6,33.33,506,35.31,2207,104167
37,3768452,vista unified,San Diego,2363,527,302,57.31,37,3768452,San Diego,2363,231,164,71.0,193,12.77,11234,72046
39,3968577,linden unified,San Joaquin,177,33,14,42.42,39,3968577,San Joaquin,177,33,13,39.39,216,14.46,11702,68370
39,3968585,lodi unified,San Joaquin,2471,732,407,55.6,39,3968585,San Joaquin,2471,474,261,55.06,353,23.78,11165,64665
39,3968650,ripon unified,San Joaquin,405,94,45,47.87,39,3968650,San Joaquin,405,46,37,80.43,414,27.63,7044,83863
42,4269146,carpinteria unified,Santa Barbara,167,49,31,63.27,42,4269146,Santa Barbara,167,39,21,53.85,282,18.76,14403,77392
43,4369401,campbell union high,Santa Clara,2023,661,447,67.62,43,4369401,Santa Clara,2023,403,324,80.4,731,55.29,13228,109341
43,4369666,san jose unified,Santa Clara,2648,648,371,57.25,43,4369666,Santa Clara,2648,443,316,71.33,504,35.19,11570,104013
50,5071043,ceres unified,Stanislaus,1073,352,82,23.3,50,5071043,Stanislaus,1073,34,8,23.53,527,36.3,11492,54117
54,5476836,exeter unified,Tulare,225,50,15,30.0,54,5476836,Tulare,225,18,13,72.22,615,43.35,11624,48455
4,461531,paradise unified,Butte,328,54,38,70.37,4,461531,Butte,328,23,17,73.91,755,58.17,9702,48242
7,761739,martinez unified,Contra Costa,349,80,60,75.0,7,761739,Contra Costa,349,42,31,73.81,342,22.81,11112,97734
9,961903,lake tahoe unified,El Dorado,275,54,28,51.85,9,961903,El Dorado,275,54,32,59.26,408,27.46,12236,56380
10,1073965,central unified,Fresno,1096,379,94,24.8,10,1073965,Fresno,1096,37,20,54.05,398,26.86,11136,62652
15,1563529,kern high,Kern,10175,2786,1025,36.79,15,1563529,Kern,10175,741,366,49.39,394,26.74,12847,53641
16,1663982,lemoore union high,Kings,527,131,53,40.46,16,1663982,Kings,527,84,29,34.52,402,27.26,12162,56917
30,3073650,irvine unified,Orange,2552,831,732,88.09,30,3073650,Orange,2552,780,717,91.92,399,27.14,10962,101576
31,3166894,placer union high,Placer,1002,333,221,66.37,31,3166894,Placer,1002,213,151,70.89,44,2.15,12206,74350
34,3467355,galt joint union high,Sacramento,567,214,99,46.26,34,3467355,Sacramento,567,58,29,50.0,123,7.84,13714,73363
36,3667686,colton joint unified,San Bernardino,1621,398,136,34.17,36,3667686,San Bernardino,1621,126,46,36.51,400,27.17,12254,56486
37,3768106,escondido union high,San Diego,2532,773,362,46.83,37,3768106,San Diego,2532,497,229,46.08,389,26.42,10600,65809
37,3768296,poway unified,San Diego,2918,1102,882,80.04,37,3768296,San Diego,2918,941,775,82.36,641,46.05,11181,113719
40,4075457,paso robles joint unified,San Luis Obispo,578,132,67,50.76,40,4075457,San Luis Obispo,578,89,53,59.55,301,20.3,11612,64740
43,4369674,santa clara unified,Santa Clara,1136,287,192,66.9,43,4369674,Santa Clara,1136,193,135,69.95,845,102.8,17223,121542
49,4970607,west sonoma county union high,Sonoma,450,137,92,67.15,49,4970607,Sonoma,450,55,40,72.73,209,13.78,14022,75911
56,5672546,oxnard union high,Ventura,4063,2690,714,26.54,56,5672546,Ventura,4063,317,161,50.79,19,1.0,12248,74936
1,161127,albany city unified,Alameda,307,114,96,84.21,1,161127,Alameda,307,58,51,87.93,426,28.67,13596,88655
4,475507,gridley unified,Butte,175,65,31,47.69,4,475507,Butte,175,15,9,60.0,635,45.5,10900,50788
12,1262810,fortuna union high,Humboldt,274,78,42,53.85,12,1262810,Humboldt,274,24,13,54.17,583,40.91,12577,45105
13,1363115,central union high,Imperial,958,274,110,40.15,13,1363115,Imperial,958,172,58,33.72,576,40.5,12429,46177
15,1563412,delano joint union high,Kern,1004,320,108,33.75,15,1563412,Kern,1004,194,69,35.57,633,45.29,13447,37398
19,1964246,antelope valley union high,Los Angeles,5657,1147,359,31.3,19,1964246,Los Angeles,5657,339,150,44.25,279,18.58,13553,55630
19,1964261,arcadia unified,Los Angeles,857,372,313,84.14,19,1964261,Los Angeles,857,192,175,91.15,327,21.74,11607,94347
19,1973437,compton unified,Los Angeles,1361,280,41,14.64,19,1973437,Los Angeles,1361,795,57,7.17,379,25.6,13338,51835
30,3066670,santa ana unified,Orange,4128,3149,673,21.37,30,3066670,Orange,4128,1162,410,35.28,203,13.56,12971,62257
33,3367173,palm springs unified,Riverside,1777,470,141,30.0,33,3367173,Riverside,1777,232,63,27.16,317,21.23,14951,46335
34,3467439,sacramento city unified,Sacramento,3244,787,327,41.55,34,3467439,Sacramento,3244,468,196,41.88,350,23.41,12722,56651
34,3476505,twin rivers unified,Sacramento,2234,1156,179,15.48,34,3476505,Sacramento,2234,91,35,38.46,514,35.84,12954,46667
36,3667850,rialto unified,San Bernardino,1973,467,151,32.33,36,3667850,San Bernardino,1973,190,59,31.05,360,24.59,12504,56977
37,3773791,san marcos unified,San Diego,1534,533,301,56.47,37,3773791,San Diego,1534,422,265,62.8,9,0.33,11157,81207
1,161242,new haven unified,Alameda,1043,337,201,59.64,1,161242,Alameda,1043,132,90,68.18,607,42.75,12313,105379
1,161259,oakland unified,Alameda,3663,1215,408,33.58,1,161259,Alameda,3663,809,279,34.49,273,18.2,11195,68428
4,461515,oroville union high,Butte,521,70,29,41.43,4,461515,Butte,521,33,13,39.39,672,48.27,12497,40349
10,1075408,riverdale joint unified,Fresno,127,41,9,21.95,10,1075408,Fresno,127,50,7,14.0,429,28.84,13126,50678
19,1964287,baldwin park unified,Los Angeles,1702,428,132,30.84,19,1964287,Los Angeles,1702,222,88,39.64,448,30.28,10768,62201
19,1964519,el monte union high,Los Angeles,2308,726,358,49.31,19,1964519,Los Angeles,2308,302,141,46.69,243,16.14,14911,50130
19,1964634,inglewood unified,Los Angeles,695,250,47,18.8,19,1964634,Los Angeles,695,227,37,16.3,500,34.26,12149,52059
19,1964873,paramount unified,Los Angeles,1281,1000,158,15.8,19,1964873,Los Angeles,1281,61,35,57.38,372,25.13,12942,54267
19,1964881,pasadena unified,Los Angeles,1544,574,218,37.98,19,1964881,Los Angeles,1544,166,88,53.01,202,13.34,12727,82485
20,2065243,madera unified,Madera,1296,204,49,24.02,20,2065243,Madera,1296,271,65,23.99,610,43.0,12013,46628
21,2165417,novato unified,Marin,667,258,155,60.08,21,2165417,Marin,667,197,137,69.54,434,29.07,11526,99938
24,2465698,hilmar unified,Merced,166,46,16,34.78,24,2465698,Merced,166,26,11,42.31,432,28.89,11220,60778
27,2766134,pacific grove unified,Monterey,151,63,48,76.19,27,2766134,Monterey,151,31,26,83.87,614,43.26,16031,85979
30,3066514,fullerton joint union high,Orange,3550,1217,775,63.68,30,3066514,Orange,3550,519,419,80.73,108,6.94,11514,74663
30,3066522,garden grove unified,Orange,3627,1574,834,52.99,30,3066522,Orange,3627,615,349,56.75,148,9.82,12765,65981
31,3166928,roseville joint union high,Placer,2555,941,665,70.67,31,3166928,Placer,2555,611,474,77.58,246,16.32,11916,88890
33,3367215,riverside unified,Riverside,3434,1290,546,42.33,33,3367215,Riverside,3434,583,272,46.66,105,6.53,12332,70599
33,3375242,val verde unified,Riverside,1641,1310,225,17.18,33,3375242,Riverside,1641,41,14,34.15,10,0.38,14085,65607
36,3667843,redlands unified,San Bernardino,1842,1106,551,49.82,36,3667843,San Bernardino,1842,174,120,68.97,229,15.49,10625,73366
36,3675044,hesperia unified,San Bernardino,1986,472,145,30.72,36,3675044,San Bernardino,1986,255,91,35.69,591,41.57,10574,55286
37,3768023,chula vista elementary,San Diego,228,112,30,26.79,37,3768023,San Diego,228,21,6,28.57,41,1.88,11672,77384
37,3768122,fallbrook union high,San Diego,557,110,53,48.18,37,3768122,San Diego,557,42,26,61.9,61,3.37,14421,61720
37,3768304,ramona city unified,San Diego,476,120,68,56.67,37,3768304,San Diego,476,81,54,66.67,156,10.16,10918,89864
37,3773569,oceanside unified,San Diego,1628,396,206,52.02,37,3773569,San Diego,1628,207,100,48.31,437,29.24,11020,61595
42,4269328,santa ynez valley union high,Santa Barbara,231,69,48,69.57,42,4269328,Santa Barbara,231,50,38,76.0,195,12.96,12514,83346
47,4776455,scott valley unified,Siskiyou,45,16,6,37.5,47,4776455,Siskiyou,45,27,11,40.74,484,33.46,12749,49428
50,5071217,patterson joint unified,Stanislaus,458,216,53,24.54,50,5071217,Stanislaus,458,15,7,46.67,245,16.31,12086,65025
54,5472256,visalia unified,Tulare,2216,467,209,44.75,54,5472256,Tulare,2216,187,103,55.08,513,35.81,11230,55849
54,5475531,dinuba unified,Tulare,538,115,35,30.43,54,5475531,Tulare,538,96,18,18.75,656,47.1,12212,42690
1,161192,hayward unified,Alameda,1601,549,216,39.34,1,161192,Alameda,1601,256,92,35.94,57,2.98,12007,79022
1,161309,san lorenzo unified,Alameda,1099,364,151,41.48,1,161309,Alameda,1099,189,92,48.68,158,10.27,11408,72877
7,761721,liberty union high,Contra Costa,2138,639,333,52.11,7,761721,Contra Costa,2138,284,183,64.44,435,29.11,11157,101929
10,1062364,parlier unified,Fresno,232,51,11,21.57,10,1062364,Fresno,232,33,8,24.24,684,49.64,13644,33290
16,1663891,corcoran joint unified,Kings,187,49,16,32.65,16,1663891,Kings,187,40,10,25.0,726,54.72,12004,38429
18,1864139,lassen union high,Lassen,190,40,16,40.0,18,1864139,Lassen,190,27,15,55.56,374,25.29,11560,61498
19,1964535,el segundo unified,Los Angeles,319,142,92,64.79,19,1964535,Los Angeles,319,109,78,71.56,347,23.19,10959,98813
19,1964691,lawndale elementary,Los Angeles,126,95,22,23.16,19,1964691,Los Angeles,126,96,19,19.79,122,7.72,13853,61675
24,2465789,merced union high,Merced,2577,744,237,31.85,24,2465789,Merced,2577,379,117,30.87,507,35.51,12554,49028
24,2473619,gustine unified,Merced,155,18,3,16.67,24,2473619,Merced,155,28,8,28.57,464,31.64,11500,57353
34,3467447,san juan unified,Sacramento,4487,938,528,56.29,34,3467447,Sacramento,4487,456,295,64.69,428,28.72,11096,61552
39,3968502,escalon unified,San Joaquin,201,63,28,44.44,39,3968502,San Joaquin,201,16,10,62.5,346,23.1,10368,69380
42,4269229,lompoc unified,Santa Barbara,648,62,40,64.52,42,4269229,Santa Barbara,648,41,25,60.98,490,33.82,10801,59535
48,4870565,travis unified,Solano,419,163,87,53.37,48,4870565,Solano,419,40,28,70.0,316,21.21,10877,97859
51,5171449,sutter union high,Sutter,189,49,32,65.31,51,5171449,Sutter,189,22,17,77.27,325,21.66,10293,70789
52,5271506,corning union high,Tehama,228,30,18,60.0,52,5271506,Tehama,228,113,33,29.2,565,39.52,13199,42774
56,5672603,simi valley unified,Ventura,1416,321,206,64.17,56,5672603,Ventura,1416,159,122,76.73,252,16.68,10765,95265
11,1176562,hamilton unified,Glenn,90,25,4,16.0,11,1176562,Glenn,90,30,7,23.33,601,42.37,12509,44438
13,1363099,calexico unified,Imperial,879,194,91,46.91,13,1363099,Imperial,879,90,35,38.89,670,48.25,12423,40759
17,1764014,kelseyville unified,Lake,129,45,14,31.11,17,1764014,Lake,129,18,7,38.89,420,28.27,13037,51552
19,1964311,beverly hills unified,Los Angeles,424,145,116,80.0,19,1964311,Los Angeles,424,91,78,85.71,821,80.07,17657,103241
19,1964337,burbank unified,Los Angeles,1331,522,359,68.77,19,1964337,Los Angeles,1331,176,140,79.55,159,10.29,11331,73277
19,1964469,duarte unified,Los Angeles,405,126,45,35.71,19,1964469,Los Angeles,405,59,31,52.54,111,7.06,11758,73279
19,1964576,glendora unified,Los Angeles,639,248,186,75.0,19,1964576,Los Angeles,639,79,66,83.54,290,19.26,10953,96081
19,1964733,los angeles unified,Los Angeles,41873,19988,5493,27.48,19,1964733,Los Angeles,41873,9336,2774,29.71,271,18.08,13247,57607
19,1975713,alhambra unified,Los Angeles,1902,814,519,63.76,19,1975713,Los Angeles,1902,238,174,73.11,258,17.05,13482,57081
20,2075580,golden valley unified,Madera,172,47,21,44.68,20,2075580,Madera,172,17,12,70.59,76,4.6,10876,79696
23,2365565,fort bragg unified,Mendocino,119,31,18,58.06,23,2365565,Mendocino,119,24,17,70.83,599,42.06,12081,46927
27,2775440,soledad unified,Monterey,403,141,24,17.02,27,2775440,Monterey,403,69,14,20.29,307,20.77,12754,58333
30,3066548,huntington beach union high,Orange,4150,1313,931,70.91,30,3066548,Orange,4150,584,459,78.6,187,12.14,12190,84493
33,3366985,banning unified,Riverside,358,74,24,32.43,33,3366985,Riverside,358,51,13,25.49,566,39.69,13372,41737
33,3367058,desert sands unified,Riverside,2493,755,255,33.77,33,3367058,Riverside,2493,226,109,48.23,366,24.9,12561,56458
36,3667710,fontana unified,San Bernardino,2941,997,276,27.68,36,3667710,San Bernardino,2941,2562,282,11.01,220,14.87,13064,60840
44,4469807,san lorenzo valley unified,Santa Cruz,244,50,30,60.0,44,4469807,Santa Cruz,244,25,19,76.0,427,28.69,5736,90070
48,4870524,benicia unified,Solano,406,132,94,71.21,48,4870524,Solano,406,67,56,83.58,259,17.12,10132,98940
54,5475325,farmersville unified,Tulare,216,62,7,11.29,54,5475325,Tulare,216,46,8,17.39,632,45.1,13268,38481
56,5672520,ojai unified,Ventura,192,49,28,57.14,56,5672520,Ventura,192,15,13,86.67,59,3.1,12136,74053
56,5673940,moorpark unified,Ventura,505,125,87,69.6,56,5673940,Ventura,505,112,88,78.57,392,26.66,10335,104573
1,161234,newark unified,Alameda,460,141,64,45.39,1,161234,Alameda,460,31,22,70.97,593,41.95,11681,108181
1,175101,pleasanton unified,Alameda,1251,438,368,84.02,1,175101,Alameda,1251,476,434,91.18,839,96.31,11307,148421
19,1964279,azusa unified,Los Angeles,668,187,72,38.5,19,1964279,Los Angeles,668,49,17,34.69,42,1.92,14445,65313
19,1964378,charter oak unified,Los Angeles,404,165,86,52.12,19,1964378,Los Angeles,404,38,25,65.79,48,2.49,11604,80816
19,1964568,glendale unified,Los Angeles,1978,639,485,75.9,19,1964568,Los Angeles,1978,221,185,83.71,253,16.68,12006,65188
19,1975341,redondo beach unified,Los Angeles,757,190,148,77.89,19,1975341,Los Angeles,757,267,191,71.54,550,38.46,10449,112271
30,3066647,placentia-yorba linda unified,Orange,2162,742,544,73.32,30,3066647,Orange,2162,436,297,68.12,335,22.1,11108,97253
30,3073635,saddleback valley unified,Orange,2410,691,469,67.87,30,3073635,Orange,2410,479,372,77.66,228,15.45,10660,94957
33,3367157,nuview union,Riverside,157,124,56,45.16,33,3367157,Riverside,157,169,58,34.32,643,46.29,8630,62301
37,3768189,lakeside union elementary,San Diego,71,25,18,72.0,37,3768189,San Diego,71,16,16,100.0,16,0.72,10705,83339
37,3768189,lakeside union elementary,San Diego,71,25,18,72.0,37,3768189,San Diego,71,16,16,100.0,265,17.71,10159,74281
37,3768189,lakeside union elementary,San Diego,71,25,18,72.0,37,3768189,San Diego,71,16,16,100.0,657,47.12,12221,42625
37,3775614,valley center-pauma unified,San Diego,314,109,41,37.61,37,3775614,San Diego,314,50,25,50.0,125,7.94,12404,80400
39,3968569,lincoln unified,San Joaquin,721,207,107,51.69,39,3968569,San Joaquin,721,59,43,72.88,477,32.91,10517,61686
41,4168924,jefferson union high,San Mateo,1179,912,386,42.32,41,4168924,San Mateo,1179,132,98,74.24,401,27.19,11892,96673
41,4169062,sequoia union high,San Mateo,2532,894,547,61.19,41,4169062,San Mateo,2532,630,431,68.41,840,98.63,16314,123438
43,4369641,palo alto unified,Santa Clara,1020,367,332,90.46,43,4369641,Santa Clara,1020,454,393,86.56,895,173.72,20962,151579
49,4975390,healdsburg unified,Sonoma,158,47,28,59.57,49,4975390,Sonoma,158,36,29,80.56,737,55.95,16611,91827
51,5171464,yuba city unified,Sutter,972,205,115,56.1,51,5171464,Sutter,972,116,71,61.21,499,34.11,11581,55186
57,5772710,woodland joint unified,Yolo,767,223,89,39.91,57,5772710,Yolo,767,139,53,38.13,226,15.34,12226,64965
1,161143,berkeley unified,Alameda,820,321,224,69.78,1,161143,Alameda,820,227,166,73.13,433,28.98,15081,80979
7,761796,west contra costa unified,Contra Costa,2520,1770,397,22.43,7,761796,Contra Costa,2520,475,127,26.74,30,1.56,12364,73931
10,1062117,clovis unified,Fresno,3305,1209,724,59.88,10,1062117,Fresno,3305,479,358,74.74,68,3.88,11038,79342
10,1073809,firebaugh-las deltas unified,Fresno,170,84,5,5.95,10,1073809,Fresno,170,31,3,9.68,533,36.69,13865,41225
15,1573908,mcfarland unified,Kern,209,66,6,9.09,15,1573908,Kern,209,16,4,25.0,791,65.3,11191,35307
16,1663925,hanford joint union high,Kings,897,193,72,37.31,16,1663925,Kings,897,45,25,55.56,421,28.3,11661,58848
19,1976869,wiseburn unified,Los Angeles,428,140,44,31.43,19,1976869,Los Angeles,428,120,43,35.83,95,5.8,6428,102500
22,2265532,mariposa county unified,Mariposa,149,36,26,72.22,22,2265532,Mariposa,149,16,8,50.0,558,38.77,11762,50944
24,2465730,le grand union high,Merced,102,46,7,15.22,24,2465730,Merced,102,33,4,12.12,285,19.01,15840,43167
29,2966357,nevada joint union high,Nevada,700,175,125,71.43,29,2966357,Nevada,700,63,48,76.19,232,15.65,13353,58756
30,3066431,anaheim union high,Orange,5479,1490,757,50.81,30,3066431,Orange,5479,458,255,55.68,126,8.08,12615,68002
33,3375176,lake elsinore unified,Riverside,1608,493,201,40.77,33,3375176,Riverside,1608,169,67,39.64,184,11.97,11718,70034
36,3667876,san bernardino city unified,San Bernardino,3558,932,242,25.97,36,3667876,San Bernardino,3558,480,124,25.83,528,36.33,13451,43683
37,3768346,san dieguito union high,San Diego,2334,707,580,82.04,37,3768346,San Diego,2334,1234,1108,89.79,793,65.59,11201,127370
40,4068809,san luis coastal unified,San Luis Obispo,591,185,144,77.84,40,4068809,San Luis Obispo,591,174,140,80.46,280,18.65,12344,62008
41,4168890,cabrillo unified,San Mateo,251,77,44,57.14,41,4168890,San Mateo,251,65,50,76.92,788,64.11,12275,120614
43,4369484,gilroy unified,Santa Clara,972,335,166,49.55,43,4369484,Santa Clara,972,147,92,62.59,333,21.85,11239,96385
48,4870532,dixon unified,Solano,310,94,59,62.77,48,4870532,Solano,310,67,34,50.75,210,14.14,9814,78630
50,5073601,newman-crows landing unified,Stanislaus,227,66,21,31.82,50,5073601,Stanislaus,227,18,10,55.56,359,24.57,11775,60868
54,5472249,tulare joint union high,Tulare,1284,397,139,35.01,54,5472249,Tulare,1284,177,63,35.59,396,26.77,13538,49945
13,1363164,imperial unified,Imperial,279,78,34,43.59,13,1363164,Imperial,279,65,35,53.85,11,0.51,10778,83813
17,1764022,konocti unified,Lake,211,43,9,20.93,17,1764022,Lake,211,16,6,37.5,727,54.79,12966,33264
19,1964352,centinela valley union high,Los Angeles,1875,589,102,17.32,19,1964352,Los Angeles,1875,186,29,15.59,465,31.77,12662,51085
19,1964725,long beach unified,Los Angeles,5929,3705,1266,34.17,19,1964725,Los Angeles,5929,582,330,56.7,231,15.58,12489,63395
19,1975291,san gabriel unified,Los Angeles,619,242,155,64.05,19,1975291,Los Angeles,619,72,63,87.5,567,39.79,9086,64446
33,3367249,san jacinto unified,Riverside,859,252,60,23.81,33,3367249,Riverside,859,34,8,23.53,693,50.76,10938,46886
36,3675069,upland unified,San Bernardino,867,296,142,47.97,36,3675069,San Bernardino,867,62,30,48.39,205,13.6,11401,70571
45,4570136,shasta union high,Shasta,1308,263,192,73.0,45,4570136,Shasta,1308,115,96,83.48,475,32.84,12289,52315
47,4770466,siskiyou union high,Siskiyou,150,39,20,51.28,47,4770466,Siskiyou,150,29,14,48.28,155,10.06,16282,47116
48,4870581,vallejo city unified,Solano,994,277,66,23.83,48,4870581,Solano,994,71,22,30.99,305,20.69,11239,66446
56,5672652,ventura unified,Ventura,1301,348,214,61.49,56,5672652,Ventura,1301,213,132,61.97,103,6.41,11435,75454
56,5673759,conejo valley unified,Ventura,1767,611,469,76.76,56,5673759,Ventura,1767,421,358,85.04,469,32.42,10744,106452
56,5676828,santa paula unified,Ventura,429,95,41,43.16,56,5676828,Ventura,429,126,44,34.92,261,17.47,13710,55574
58,5872769,wheatland union high,Yuba,167,52,26,50.0,58,5872769,Yuba,167,18,10,55.56,89,5.32,12018,80606
15,1573742,sierra sands unified,Kern,353,86,62,72.09,15,1573742,Kern,353,15,14,93.33,397,26.84,10915,63836
19,1964295,bassett unified,Los Angeles,285,91,29,31.87,19,1964295,Los Angeles,285,21,12,57.14,49,2.55,14625,64803
19,1964709,lennox,Los Angeles,296,233,69,29.61,19,1964709,Los Angeles,296,232,40,17.24,692,50.57,11495,44059
19,1975333,manhattan beach unified,Los Angeles,610,205,179,87.32,19,1975333,Los Angeles,610,269,245,91.08,859,111.16,12960,150083
20,2065201,chowchilla union high,Madera,276,86,18,20.93,20,2065201,Madera,276,18,9,50.0,577,40.63,11947,48648
34,3475283,natomas unified,Sacramento,1130,527,210,39.85,34,3475283,Sacramento,1130,772,162,20.98,295,19.99,9532,76009
40,4068700,atascadero unified,San Luis Obispo,355,45,29,64.44,40,4068700,San Luis Obispo,355,35,27,77.14,160,10.31,10597,77163
40,4068841,templeton unified,San Luis Obispo,203,54,34,62.96,40,4068841,San Luis Obispo,203,69,50,72.46,45,2.21,10890,84418
42,4269310,santa maria joint union high,Santa Barbara,1949,417,192,46.04,42,4269310,Santa Barbara,1949,243,93,38.27,140,9.08,13017,65161
42,4276786,santa barbara unified,Santa Barbara,1669,540,371,68.7,42,4276786,Santa Barbara,1669,395,283,71.65,70,3.93,11638,76122
49,4970953,sonoma valley unified,Sonoma,293,91,50,54.95,49,4970953,Sonoma,293,47,31,65.96,154,10.01,13009,78638
4,461424,chico unified,Butte,1175,294,201,68.37,4,461424,Butte,1175,137,99,72.26,675,48.7,10215,52176
5,561564,calaveras unified,Calaveras,216,37,26,70.27,5,561564,Calaveras,216,19,16,84.21,423,28.38,11908,57474
7,761648,antioch unified,Contra Costa,1543,286,106,37.06,7,761648,Contra Costa,1543,117,49,41.88,99,6.18,12318,70918
11,1175481,orland joint unified,Glenn,177,32,14,43.75,11,1175481,Glenn,177,37,17,45.95,688,49.74,11159,46426
13,1363081,brawley union high,Imperial,471,131,37,28.24,13,1363081,Imperial,471,115,34,29.57,547,37.96,13395,42829
15,1563818,taft union high,Kern,238,46,15,32.61,15,1563818,Kern,238,35,11,31.43,773,61.09,26005,45505
19,1964212,abc unified,Los Angeles,1663,631,403,63.87,19,1964212,Los Angeles,1663,216,172,79.63,84,4.86,11434,76547
19,1964444,culver city unified,Los Angeles,556,223,118,52.91,19,1964444,Los Angeles,556,148,95,64.19,311,20.83,12209,90510
19,1964857,palmdale elementary,Los Angeles,402,111,33,29.73,19,1964857,Los Angeles,402,31,15,48.39,494,33.94,12106,52509
19,1964980,santa monica-malibu unified,Los Angeles,899,359,250,69.64,19,1964980,Los Angeles,899,280,221,78.93,752,57.89,15621,98455
26,2673692,mammoth unified,Mono,107,26,15,57.69,26,2673692,Mono,107,19,15,78.95,224,15.1,12016,66250
27,2766068,south monterey county joint union high,Monterey,557,176,26,14.77,27,2766068,Monterey,557,88,14,15.91,492,33.89,12027,52969
28,2866266,napa valley unified,Napa,1513,492,227,46.14,28,2866266,Napa,1513,168,106,63.1,74,4.44,11122,84755
30,3066464,capistrano unified,Orange,4805,1332,978,73.42,30,3066464,Orange,4805,1455,1233,84.74,425,28.62,9388,110985
30,3066555,laguna beach unified,Orange,295,57,45,78.95,30,3066555,Orange,295,165,149,90.3,869,122.65,19481,123507
33,3366993,beaumont unified,Riverside,735,577,159,27.56,33,3366993,Riverside,735,48,23,47.92,281,18.75,10693,70715
37,3768213,mountain empire unified,San Diego,342,39,14,35.9,37,3768213,San Diego,342,20,12,60.0,662,47.56,7565,67067
37,3768411,sweetwater union high,San Diego,7934,2608,1335,51.19,37,3768411,San Diego,7934,952,441,46.32,163,10.51,12775,65443
43,4369468,fremont union high,Santa Clara,2761,878,764,87.02,43,4369468,Santa Clara,2761,872,822,94.27,862,117.94,14645,145897
54,5475523,porterville unified,Tulare,1665,380,119,31.32,54,5475523,Tulare,1665,283,88,31.1,729,55.02,12321,36531
56,5672454,fillmore unified,Ventura,298,116,57,49.14,56,5672454,Ventura,298,29,19,65.52,138,9.02,13101,64761
3,373981,amador county unified,Amador,290,53,33,62.26,3,373981,Amador,290,37,29,78.38,594,41.95,9411,61198
19,1964394,claremont unified,Los Angeles,616,263,175,66.54,19,1964394,Los Angeles,616,139,103,74.1,237,15.86,11543,90549
19,1964451,downey unified,Los Angeles,2147,731,331,45.28,19,1964451,Los Angeles,2147,135,91,67.41,28,1.49,12903,71110
19,1964659,la canada unified,Los Angeles,347,170,156,91.76,19,1964659,Los Angeles,347,138,130,94.2,883,141.78,11594,178897
19,1965029,south pasadena unified,Los Angeles,370,181,159,87.85,19,1965029,Los Angeles,370,93,78,83.87,302,20.34,11002,96579
19,1965052,temple city unified,Los Angeles,518,235,186,79.15,19,1965052,Los Angeles,518,90,80,88.89,343,22.98,10788,67233
19,1965060,torrance unified,Los Angeles,2115,795,562,70.69,19,1965060,Los Angeles,2115,440,334,75.91,134,8.86,10632,90470
19,1973460,walnut valley unified,Los Angeles,1424,809,625,77.26,19,1973460,Los Angeles,1424,316,276,87.34,368,24.99,10783,101018
20,2076414,yosemite unified,Madera,202,57,26,45.61,20,2076414,Madera,202,37,22,59.46,404,27.32,10739,64438
33,3367116,menifee union elementary,Riverside,113,52,28,53.85,33,3367116,Riverside,113,18,13,72.22,384,26.04,10282,67764
33,3373676,coachella valley unified,Riverside,1244,344,76,22.09,33,3373676,Riverside,1244,204,36,17.65,520,36.05,14930,36012
44,4469799,pajaro valley unified,Santa Cruz,1315,372,133,35.75,44,4469799,Santa Cruz,1315,257,88,34.24,4,0.19,13924,66867
44,4475432,scotts valley unified,Santa Cruz,194,90,73,81.11,44,4475432,Santa Cruz,194,60,52,86.67,549,38.04,10590,111225
57,5772678,davis joint unified,Yolo,717,307,268,87.3,57,5772678,Yolo,717,156,145,92.95,236,15.85,12299,64220
